{
  "providers": [
    {
      "type": "bitmap",
      "file": "ranks/admin.png",
      "ascent": 7,
      "height": 7,
      "chars": ["𭼀"]
    },
    {
      "type": "bitmap",
      "file": "ranks/helper.png",
      "ascent": 7,
      "height": 7,
      "chars": ["𭼁"]
    },
    {
      "type": "bitmap",
      "file": "ranks/mod.png",
      "ascent": 7,
      "height": 7,
      "chars": ["𭼂"]
    },
    {
      "type": "bitmap",
      "file": "ranks/sr_mod.png",
      "ascent": 7,
      "height": 7,
      "chars": ["𭼃"]
    },
    {
      "type": "bitmap",
      "file": "ranks/developer.png",
      "ascent": 7,
      "height": 7,
      "chars": ["𭼄"]
    },
    {
      "type": "bitmap",
      "file": "ranks/member.png",
      "ascent": 7,
      "height": 7,
      "chars": ["𭼅"]
    },
    {
  "type": "bitmap",
  "file": "ranks/icon1.png",
  "ascent": 94,
  "height": 236,
  "chars": ["𭼈"]
    },
    {
      "type": "bitmap",
      "file": "ranks/owner.png",
      "ascent": 7,
      "height": 7,
      "chars": ["𭼆"]
    },
    {
      "type": "bitmap",
      "file": "ranks/plague.png",
      "ascent": 10,
      "height": 10,
      "chars": ["𬀀"]
    },
     {
      "type": "bitmap",
      "file": "ranks/npc.png",
      "ascent": 8,
      "height": 8,
      "chars": ["𠀀"]
    },
     {
      "type": "bitmap",
      "file": "ranks/gold_key.png",
      "ascent": 8,
      "height": 8,
      "chars": ["𭼉"]
    },
     {
      "type": "bitmap",
      "file": "ranks/no.png",
      "ascent": 8,
      "height": 8,
      "chars": ["𭼊"]
    },
     {
      "type": "bitmap",
      "file": "ranks/wold.png",
      "ascent": 10,
      "height": 10,
      "chars": ["𭼋"]
    },
    {
      "type": "bitmap",
      "file": "ranks/icon.png",
      "ascent": 8,
      "height": 8,
      "chars": ["𭼇"]
    }
  ]
}
