{
  "model": {
    "type": "minecraft:range_dispatch",
    "property": "minecraft:custom_model_data",
    "entries": [
      {
        "threshold": 1,
        "model": {
          "type": "minecraft:model",
          "model": "minecraft:item/gui/wand"
        }
      },
      {
        "threshold": 2010,
        "model": {
          "type": "minecraft:model",
          "model": "minecraft:item/gui/all_enabled"
        }
      }
    ],
    "fallback": {
      "type": "minecraft:model",
      "model": "minecraft:item/lime_dye"
    }
  }
}
