{
  "model": {
    "type": "minecraft:range_dispatch",
    "property": "minecraft:custom_model_data",
    "entries": [
      {
        "threshold": 2001,
        "model": {
          "type": "minecraft:model",
          "model": "minecraft:item/gui/power"
        }
      },
      {
        "threshold": 2024,
        "model": {
          "type": "minecraft:model",
          "model": "minecraft:item/gui/info"
        }
      }
    ],
    "fallback": {
      "type": "minecraft:model",
      "model": "minecraft:item/paper"
    }
  }
}