{
  "model": {
    "type": "minecraft:range_dispatch",
    "property": "minecraft:custom_model_data",
    "entries": [
      {
        "threshold": 2,
        "model": {
          "type": "minecraft:model",
          "model": "minecraft:item/gui/plague_staff"
        }
      },
      {
        "threshold": 2011,
        "model": {
          "type": "minecraft:model",
          "model": "minecraft:item/gui/all_disabled"
        }
      }
    ],
    "fallback": {
      "type": "minecraft:model",
      "model": "minecraft:item/red_dye"
    }
  }
}
