{
  "model": {
    "type": "minecraft:range_dispatch",
    "property": "minecraft:custom_model_data",
    "entries": [
      {
        "threshold": 2031,
        "model": {
          "type": "minecraft:model",
          "model": "minecraft:item/gui/all_disabled"
        }
      },
      {
        "threshold": 2017,
        "model": {
          "type": "minecraft:model",
          "model": "minecraft:item/gui/close"
        }
      }
    ],
    "fallback": {
      "type": "minecraft:model",
      "model": "minecraft:block/red_wool" 
    }
  }
}