{"credit":"Made with Blockbench","texture_size":[64,64],"textures":{"0":"minecraft:block/chained_command_block","particle":"minecraft:block/gold"},"elements":[{"from":[-1.24,0,0.08],"to":[17.24,14.52,15.92],"rotation":{"angle":0,"axis":"y","origin":[-2.56,0,-2.56]},"faces":{"north":{"uv":[4,6,7.5,8.75],"texture":"#0"},"east":{"uv":[7.5,0,10.5,2.75],"texture":"#0"},"south":{"uv":[0,7,3.5,9.75],"texture":"#0"},"west":{"uv":[7.5,2.75,10.5,5.5],"texture":"#0"},"up":{"uv":[7.5,3,4,0],"texture":"#0"},"down":{"uv":[7.5,3,4,6],"texture":"#0"}}},{"from":[-2.56,10.56,-1.24],"to":[0.08,14.52,1.4],"rotation":{"angle":0,"axis":"y","origin":[-2.56,0,-2.56]},"faces":{"north":{"uv":[9.5,9.5,10,10.25],"texture":"#0"},"east":{"uv":[0,9.75,0.5,10.5],"texture":"#0"},"south":{"uv":[0.5,9.75,1,10.5],"texture":"#0"},"west":{"uv":[1,9.75,1.5,10.5],"texture":"#0"},"up":{"uv":[11,5,10.5,4.5],"texture":"#0"},"down":{"uv":[5.5,10.5,5,11],"texture":"#0"}}},{"from":[-2.56,14.52,0.08],"to":[0.08,15.84,15.92],"rotation":{"angle":0,"axis":"y","origin":[-2.56,0,-2.56]},"faces":{"north":{"uv":[11,1.5,11.5,1.75],"texture":"#0"},"east":{"uv":[9,7.5,12,7.75],"texture":"#0"},"south":{"uv":[11,1.75,11.5,2],"texture":"#0"},"west":{"uv":[9,7.75,12,8],"texture":"#0"},"up":{"uv":[4,10,3.5,7],"texture":"#0"},"down":{"uv":[8,7.5,7.5,10.5],"texture":"#0"}}},{"from":[6.68,13.86,6.68],"to":[9.32,15.18,9.32],"rotation":{"angle":0,"axis":"y","origin":[-2.56,0,-2.56]},"faces":{"north":{"uv":[11,0.5,11.5,0.75],"texture":"#0"},"east":{"uv":[11,0.75,11.5,1],"texture":"#0"},"south":{"uv":[11,1,11.5,1.25],"texture":"#0"},"west":{"uv":[11,1.25,11.5,1.5],"texture":"#0"},"up":{"uv":[4.5,11,4,10.5],"texture":"#0"},"down":{"uv":[5,10.5,4.5,11],"texture":"#0"}}},{"from":[15.92,14.52,0.08],"to":[18.56,15.84,15.92],"rotation":{"angle":0,"axis":"y","origin":[-2.56,0,-2.56]},"faces":{"north":{"uv":[11,2,11.5,2.25],"texture":"#0"},"east":{"uv":[9,8,12,8.25],"texture":"#0"},"south":{"uv":[11,2.25,11.5,2.5],"texture":"#0"},"west":{"uv":[9,8.25,12,8.5],"texture":"#0"},"up":{"uv":[8.5,10.5,8,7.5],"texture":"#0"},"down":{"uv":[9,7.5,8.5,10.5],"texture":"#0"}}},{"from":[-2.56,10.56,14.6],"to":[0.08,14.52,17.24],"rotation":{"angle":0,"axis":"y","origin":[-2.56,0,-2.56]},"faces":{"north":{"uv":[1.5,9.75,2,10.5],"texture":"#0"},"east":{"uv":[2,9.75,2.5,10.5],"texture":"#0"},"south":{"uv":[2.5,9.75,3,10.5],"texture":"#0"},"west":{"uv":[3,9.75,3.5,10.5],"texture":"#0"},"up":{"uv":[11,5.5,10.5,5],"texture":"#0"},"down":{"uv":[6,10.5,5.5,11],"texture":"#0"}}},{"from":[15.92,10.56,14.6],"to":[18.56,14.52,17.24],"rotation":{"angle":0,"axis":"y","origin":[-2.56,0,-2.56]},"faces":{"north":{"uv":[4,9.75,4.5,10.5],"texture":"#0"},"east":{"uv":[4.5,9.75,5,10.5],"texture":"#0"},"south":{"uv":[5,9.75,5.5,10.5],"texture":"#0"},"west":{"uv":[5.5,9.75,6,10.5],"texture":"#0"},"up":{"uv":[6.5,11,6,10.5],"texture":"#0"},"down":{"uv":[7,10.5,6.5,11],"texture":"#0"}}},{"from":[15.92,10.56,-1.24],"to":[18.56,14.52,1.4],"rotation":{"angle":0,"axis":"y","origin":[-2.56,0,-2.56]},"faces":{"north":{"uv":[6,9.75,6.5,10.5],"texture":"#0"},"east":{"uv":[6.5,9.75,7,10.5],"texture":"#0"},"south":{"uv":[7,9.75,7.5,10.5],"texture":"#0"},"west":{"uv":[3.5,10,4,10.75],"texture":"#0"},"up":{"uv":[7.5,11,7,10.5],"texture":"#0"},"down":{"uv":[8,10.5,7.5,11],"texture":"#0"}}},{"from":[15.92,0,-1.24],"to":[18.56,3.96,1.4],"rotation":{"angle":0,"axis":"y","origin":[-2.56,0,-2.56]},"faces":{"north":{"uv":[10,9.5,10.5,10.25],"texture":"#0"},"east":{"uv":[9.5,10.25,10,11],"texture":"#0"},"south":{"uv":[10,10.25,10.5,11],"texture":"#0"},"west":{"uv":[0,10.5,0.5,11.25],"texture":"#0"},"up":{"uv":[8.5,11,8,10.5],"texture":"#0"},"down":{"uv":[9,10.5,8.5,11],"texture":"#0"}}},{"from":[15.92,0,14.6],"to":[18.56,3.96,17.24],"rotation":{"angle":0,"axis":"y","origin":[-2.56,0,-2.56]},"faces":{"north":{"uv":[10.5,0,11,0.75],"texture":"#0"},"east":{"uv":[0.5,10.5,1,11.25],"texture":"#0"},"south":{"uv":[10.5,0.75,11,1.5],"texture":"#0"},"west":{"uv":[1,10.5,1.5,11.25],"texture":"#0"},"up":{"uv":[11,9,10.5,8.5],"texture":"#0"},"down":{"uv":[9.5,10.5,9,11],"texture":"#0"}}},{"from":[-2.56,0,14.6],"to":[0.08,3.96,17.24],"rotation":{"angle":0,"axis":"y","origin":[-2.56,0,-2.56]},"faces":{"north":{"uv":[1.5,10.5,2,11.25],"texture":"#0"},"east":{"uv":[10.5,1.5,11,2.25],"texture":"#0"},"south":{"uv":[2,10.5,2.5,11.25],"texture":"#0"},"west":{"uv":[10.5,2.25,11,3],"texture":"#0"},"up":{"uv":[11,9.5,10.5,9],"texture":"#0"},"down":{"uv":[11,9.5,10.5,10],"texture":"#0"}}},{"from":[-2.56,7.92,-1.24],"to":[18.56,10.56,17.24],"rotation":{"angle":0,"axis":"y","origin":[-2.56,0,-2.56]},"faces":{"north":{"uv":[7.5,5.5,11.5,6],"texture":"#0"},"east":{"uv":[7.5,6.5,11,7],"texture":"#0"},"south":{"uv":[7.5,6,11.5,6.5],"texture":"#0"},"west":{"uv":[7.5,7,11,7.5],"texture":"#0"},"up":{"uv":[4,3.5,0,0],"texture":"#0"},"down":{"uv":[4,3.5,0,7],"texture":"#0"}}},{"from":[4.04,6.6,-2.56],"to":[11.96,11.88,0.08],"rotation":{"angle":0,"axis":"y","origin":[-2.56,0,-2.56]},"faces":{"north":{"uv":[4,8.75,5.5,9.75],"texture":"#0"},"east":{"uv":[7,8.75,7.5,9.75],"texture":"#0"},"south":{"uv":[5.5,8.75,7,9.75],"texture":"#0"},"west":{"uv":[9,9.5,9.5,10.5],"texture":"#0"},"up":{"uv":[10.5,9,9,8.5],"texture":"#0"},"down":{"uv":[10.5,9,9,9.5],"texture":"#0"}}},{"from":[-2.56,0,-1.24],"to":[0.08,3.96,1.4],"rotation":{"angle":0,"axis":"y","origin":[-2.56,0,-2.56]},"faces":{"north":{"uv":[2.5,10.5,3,11.25],"texture":"#0"},"east":{"uv":[3,10.5,3.5,11.25],"texture":"#0"},"south":{"uv":[10.5,3,11,3.75],"texture":"#0"},"west":{"uv":[10.5,3.75,11,4.5],"texture":"#0"},"up":{"uv":[11,10.5,10.5,10],"texture":"#0"},"down":{"uv":[11,10.5,10.5,11],"texture":"#0"}}},{"from":[6.68,2.64,-0.58],"to":[9.32,5.28,0.74],"rotation":{"angle":0,"axis":"y","origin":[-2.56,0,-2.56]},"faces":{"north":{"uv":[3.5,10.75,4,11.25],"texture":"#0"},"east":{"uv":[11,2.5,11.25,3],"texture":"#0"},"south":{"uv":[11,0,11.5,0.5],"texture":"#0"},"west":{"uv":[11,3,11.25,3.5],"texture":"#0"},"up":{"uv":[11.5,3.75,11,3.5],"texture":"#0"},"down":{"uv":[11.5,3.75,11,4],"texture":"#0"}}}],"display":{"head":{"scale":[2.5,2.5,2.5]}}}
