{"credit":"Made with Blockbench","texture_size":[64,64],"textures":{"1":"block/jigsaw"},"elements":[{"from":[-1.38,0,-0.04],"to":[17.38,14.74,16.04],"rotation":{"angle":0,"axis":"y","origin":[-2.72,0,-2.72]},"faces":{"north":{"uv":[4,6,7.5,8.75],"texture":"#1"},"east":{"uv":[7.5,0,10.5,2.75],"texture":"#1"},"south":{"uv":[0,7,3.5,9.75],"texture":"#1"},"west":{"uv":[7.5,2.75,10.5,5.5],"texture":"#1"},"up":{"uv":[7.5,3,4,0],"texture":"#1"},"down":{"uv":[7.5,3,4,6],"texture":"#1"}}},{"from":[-2.72,10.72,-1.38],"to":[-0.04,14.74,1.3],"rotation":{"angle":0,"axis":"y","origin":[-2.72,0,-2.72]},"faces":{"north":{"uv":[9.5,10.5,10,11.25],"texture":"#1"},"east":{"uv":[10,10.5,10.5,11.25],"texture":"#1"},"south":{"uv":[10.5,10.5,11,11.25],"texture":"#1"},"west":{"uv":[0,10.75,0.5,11.5],"texture":"#1"},"up":{"uv":[11.5,7.5,11,7],"texture":"#1"},"down":{"uv":[11.5,10.5,11,11],"texture":"#1"}}},{"from":[-2.72,14.74,-0.04],"to":[-0.04,16.08,16.04],"rotation":{"angle":0,"axis":"y","origin":[-2.72,0,-2.72]},"faces":{"north":{"uv":[3.25,10,3.75,10.25],"texture":"#1"},"east":{"uv":[9,8.5,12,8.75],"texture":"#1"},"south":{"uv":[10.5,5.25,11,5.5],"texture":"#1"},"west":{"uv":[9,8.75,12,9],"texture":"#1"},"up":{"uv":[4,10,3.5,7],"texture":"#1"},"down":{"uv":[8,7.5,7.5,10.5],"texture":"#1"}}},{"from":[16.04,14.74,-0.04],"to":[18.72,16.08,16.04],"rotation":{"angle":0,"axis":"y","origin":[-2.72,0,-2.72]},"faces":{"north":{"uv":[9.75,11.25,10.25,11.5],"texture":"#1"},"east":{"uv":[9,9,12,9.25],"texture":"#1"},"south":{"uv":[10.25,11.25,10.75,11.5],"texture":"#1"},"west":{"uv":[9,9.25,12,9.5],"texture":"#1"},"up":{"uv":[8.5,10.5,8,7.5],"texture":"#1"},"down":{"uv":[9,7.5,8.5,10.5],"texture":"#1"}}},{"from":[-2.72,10.72,14.7],"to":[-0.04,14.74,17.38],"rotation":{"angle":0,"axis":"y","origin":[-2.72,0,-2.72]},"faces":{"north":{"uv":[0.5,10.75,1,11.5],"texture":"#1"},"east":{"uv":[1,10.75,1.5,11.5],"texture":"#1"},"south":{"uv":[1.5,10.75,2,11.5],"texture":"#1"},"west":{"uv":[2,10.75,2.5,11.5],"texture":"#1"},"up":{"uv":[11.5,11.5,11,11],"texture":"#1"},"down":{"uv":[7.75,11.25,7.25,11.75],"texture":"#1"}}},{"from":[16.04,10.72,14.7],"to":[18.72,14.74,17.38],"rotation":{"angle":0,"axis":"y","origin":[-2.72,0,-2.72]},"faces":{"north":{"uv":[2.5,10.75,3,11.5],"texture":"#1"},"east":{"uv":[3,10.75,3.5,11.5],"texture":"#1"},"south":{"uv":[3.5,10.75,4,11.5],"texture":"#1"},"west":{"uv":[6.75,10.75,7.25,11.5],"texture":"#1"},"up":{"uv":[8.25,11.75,7.75,11.25],"texture":"#1"},"down":{"uv":[8.75,11.25,8.25,11.75],"texture":"#1"}}},{"from":[16.04,10.72,-1.38],"to":[18.72,14.74,1.3],"rotation":{"angle":0,"axis":"y","origin":[-2.72,0,-2.72]},"faces":{"north":{"uv":[11,0,11.5,0.75],"texture":"#1"},"east":{"uv":[11,0.75,11.5,1.5],"texture":"#1"},"south":{"uv":[11,1.5,11.5,2.25],"texture":"#1"},"west":{"uv":[11,2.25,11.5,3],"texture":"#1"},"up":{"uv":[9.25,11.75,8.75,11.25],"texture":"#1"},"down":{"uv":[9.75,11.25,9.25,11.75],"texture":"#1"}}},{"from":[16.04,0,-1.38],"to":[18.72,4.02,1.3],"rotation":{"angle":0,"axis":"y","origin":[-2.72,0,-2.72]},"faces":{"north":{"uv":[7.5,10.5,8,11.25],"texture":"#1"},"east":{"uv":[8,10.5,8.5,11.25],"texture":"#1"},"south":{"uv":[8.5,10.5,9,11.25],"texture":"#1"},"west":{"uv":[9,10.5,9.5,11.25],"texture":"#1"},"up":{"uv":[6.75,11.5,6.25,11],"texture":"#1"},"down":{"uv":[11.5,6.5,11,7],"texture":"#1"}}},{"from":[16.04,0,14.7],"to":[18.72,4.02,17.38],"rotation":{"angle":0,"axis":"y","origin":[-2.72,0,-2.72]},"faces":{"north":{"uv":[4.25,10.25,4.75,11],"texture":"#1"},"east":{"uv":[4.75,10.25,5.25,11],"texture":"#1"},"south":{"uv":[5.25,10.25,5.75,11],"texture":"#1"},"west":{"uv":[5.75,10.25,6.25,11],"texture":"#1"},"up":{"uv":[11.5,4.5,11,4],"texture":"#1"},"down":{"uv":[11.5,4.5,11,5],"texture":"#1"}}},{"from":[-2.72,0,14.7],"to":[-0.04,4.02,17.38],"rotation":{"angle":0,"axis":"y","origin":[-2.72,0,-2.72]},"faces":{"north":{"uv":[10.5,2.25,11,3],"texture":"#1"},"east":{"uv":[10.5,3,11,3.75],"texture":"#1"},"south":{"uv":[10.5,3.75,11,4.5],"texture":"#1"},"west":{"uv":[10.5,4.5,11,5.25],"texture":"#1"},"up":{"uv":[5.75,11.5,5.25,11],"texture":"#1"},"down":{"uv":[6.25,11,5.75,11.5],"texture":"#1"}}},{"from":[-2.72,8.04,-1.38],"to":[18.72,10.72,17.38],"rotation":{"angle":0,"axis":"y","origin":[-2.72,0,-2.72]},"faces":{"north":{"uv":[7.5,5.5,11.5,6],"texture":"#1"},"east":{"uv":[7.5,6.5,11,7],"texture":"#1"},"south":{"uv":[7.5,6,11.5,6.5],"texture":"#1"},"west":{"uv":[7.5,7,11,7.5],"texture":"#1"},"up":{"uv":[4,3.5,0,0],"texture":"#1"},"down":{"uv":[4,3.5,0,7],"texture":"#1"}}},{"from":[-3.39,14.07,5.32],"to":[0.63,16.75,10.68],"rotation":{"angle":0,"axis":"y","origin":[-2.72,0,-2.72]},"faces":{"north":{"uv":[10.75,10,11.5,10.5],"texture":"#1"},"east":{"uv":[2.25,9.75,3.25,10.25],"texture":"#1"},"south":{"uv":[11,3,11.75,3.5],"texture":"#1"},"west":{"uv":[9.75,10,10.75,10.5],"texture":"#1"},"up":{"uv":[9.75,10.5,9,9.5],"texture":"#1"},"down":{"uv":[0.75,9.75,0,10.75],"texture":"#1"}}},{"from":[15.37,14.07,5.32],"to":[19.39,16.75,10.68],"rotation":{"angle":0,"axis":"y","origin":[-2.72,0,-2.72]},"faces":{"north":{"uv":[11,3.5,11.75,4],"texture":"#1"},"east":{"uv":[2.25,10.25,3.25,10.75],"texture":"#1"},"south":{"uv":[4,11,4.75,11.5],"texture":"#1"},"west":{"uv":[3.25,10.25,4.25,10.75],"texture":"#1"},"up":{"uv":[1.5,10.75,0.75,9.75],"texture":"#1"},"down":{"uv":[2.25,9.75,1.5,10.75],"texture":"#1"}}},{"from":[3.98,6.7,-2.72],"to":[12.02,12.06,-0.04],"rotation":{"angle":0,"axis":"y","origin":[-2.72,0,-2.72]},"faces":{"north":{"uv":[4,8.75,5.5,9.75],"texture":"#1"},"east":{"uv":[7,8.75,7.5,9.75],"texture":"#1"},"south":{"uv":[5.5,8.75,7,9.75],"texture":"#1"},"west":{"uv":[7,9.75,7.5,10.75],"texture":"#1"},"up":{"uv":[5.5,10.25,4,9.75],"texture":"#1"},"down":{"uv":[7,9.75,5.5,10.25],"texture":"#1"}}},{"from":[-0.04,14.74,6.66],"to":[16.04,16.08,9.34],"rotation":{"angle":0,"axis":"y","origin":[-2.72,0,-2.72]},"faces":{"north":{"uv":[9.75,9.5,12.75,9.75],"texture":"#1"},"east":{"uv":[0,11.5,0.5,11.75],"texture":"#1"},"south":{"uv":[9.75,9.75,12.75,10],"texture":"#1"},"west":{"uv":[11.5,0,12,0.25],"texture":"#1"},"up":{"uv":[12,8,9,7.5],"texture":"#1"},"down":{"uv":[12,8,9,8.5],"texture":"#1"}}},{"from":[-2.72,0,-1.38],"to":[-0.04,4.02,1.3],"rotation":{"angle":0,"axis":"y","origin":[-2.72,0,-2.72]},"faces":{"north":{"uv":[6.25,10.25,6.75,11],"texture":"#1"},"east":{"uv":[10.5,0,11,0.75],"texture":"#1"},"south":{"uv":[10.5,0.75,11,1.5],"texture":"#1"},"west":{"uv":[10.5,1.5,11,2.25],"texture":"#1"},"up":{"uv":[5.25,11.5,4.75,11],"texture":"#1"},"down":{"uv":[11.5,5,11,5.5],"texture":"#1"}}}],"display":{"head":{"scale":[2.5,2.5,2.5]}}}