{
  "format_version": "1.21.11",
  "credit": "Made with Blockbench",
  "texture_size": [64, 64],
  "parent": "minecraft:item/handheld",
  "textures": {
    "0": "item/gui/plague_staff",
    "particle": "item/gui/plague_staff"
  },
	"elements": [
		{
			"from": [7.5, -16, 7.5],
			"to": [8.5, 16, 8.5],
			"faces": {
				"north": {"uv": [0, 0.5, 0.25, 8.5], "texture": "#0"},
				"east": {"uv": [0, 0.5, 0.25, 8.5], "texture": "#0"},
				"south": {"uv": [0, 0.5, 0.25, 8.5], "texture": "#0"},
				"west": {"uv": [0, 0.5, 0.25, 8.5], "texture": "#0"},
				"up": {"uv": [0, 0, 0.25, 0.25], "texture": "#0"},
				"down": {"uv": [0.5, 0, 0.75, 0.25], "texture": "#0"}
			}
		},
		{
			"from": [6.5, 16, 6.5],
			"to": [9.5, 21, 9.5],
			"faces": {
				"north": {"uv": [2, 1, 2.75, 2.25], "texture": "#0"},
				"east": {"uv": [1, 1, 1.75, 2.25], "texture": "#0"},
				"south": {"uv": [4, 1, 4.75, 2.25], "texture": "#0"},
				"west": {"uv": [3, 1, 3.75, 2.25], "texture": "#0"},
				"up": {"uv": [1, 0, 1.75, 0.75], "texture": "#0"},
				"down": {"uv": [2, 0, 2.75, 0.75], "texture": "#0"}
			}
		},
		{
			"from": [7, 21, 7],
			"to": [9, 23, 9],
			"faces": {
				"north": {"uv": [1.75, 3.25, 2.25, 3.75], "texture": "#0"},
				"east": {"uv": [1, 3.25, 1.5, 3.75], "texture": "#0"},
				"south": {"uv": [3.25, 3.25, 3.75, 3.75], "texture": "#0"},
				"west": {"uv": [2.5, 3.25, 3, 3.75], "texture": "#0"},
				"up": {"uv": [1, 2.5, 1.5, 3], "texture": "#0"},
				"down": {"uv": [1.75, 2.5, 2.25, 3], "texture": "#0"}
			}
		},
		{
			"from": [7, 15, 1.5],
			"to": [9, 17, 3.5],
			"faces": {
				"north": {"uv": [0, 11.25, 0.5, 11.75], "texture": "#0"},
				"east": {"uv": [0, 11.25, 0.5, 11.75], "texture": "#0"},
				"south": {"uv": [0, 11.25, 0.5, 11.75], "texture": "#0"},
				"west": {"uv": [0, 11.25, 0.5, 11.75], "texture": "#0"},
				"up": {"uv": [0, 10.5, 0.5, 11], "texture": "#0"},
				"down": {"uv": [0.75, 10.5, 1.25, 11], "texture": "#0"}
			}
		},
		{
			"from": [2, 16, 8],
			"to": [14, 24, 8],
			"faces": {
				"north": {"uv": [1, 4, 4, 6], "texture": "#0"},
				"east": {"uv": [16, 16, 16, 16], "texture": "#0"},
				"south": {"uv": [4, 6.25, 1, 8.25], "texture": "#0"},
				"west": {"uv": [16, 16, 16, 16], "texture": "#0"},
				"up": {"uv": [16, 16, 16, 16], "texture": "#0"},
				"down": {"uv": [16, 16, 16, 16], "texture": "#0"}
			}
		},
		{
			"from": [7.5, 15, 3.5],
			"to": [8.5, 16, 7.5],
			"faces": {
				"north": {"uv": [1.25, 10, 1.5, 10.25], "texture": "#0"},
				"east": {"uv": [0, 10, 1, 10.25], "texture": "#0"},
				"south": {"uv": [3, 10, 3.25, 10.25], "texture": "#0"},
				"west": {"uv": [1.75, 10, 2.75, 10.25], "texture": "#0"},
				"up": {"uv": [0, 8.75, 0.25, 9.75], "texture": "#0"},
				"down": {"uv": [0.5, 8.75, 0.75, 9.75], "texture": "#0"}
			}
		},
		{
			"from": [6, 9, 0.5],
			"to": [10, 15, 4.5],
			"faces": {
				"north": {"uv": [0, 13.25, 1, 14.75], "texture": "#0"},
				"east": {"uv": [0, 13.25, 1, 14.75], "texture": "#0"},
				"south": {"uv": [0, 13.25, 1, 14.75], "texture": "#0"},
				"west": {"uv": [0, 13.25, 1, 14.75], "texture": "#0"},
				"up": {"uv": [0, 12, 1, 13], "texture": "#0"},
				"down": {"uv": [1.25, 12, 2.25, 13], "texture": "#0"}
			}
		},
		{
			"from": [7.5, -12, 6.5],
			"to": [9.5, -10, 8.5],
			"faces": {
				"north": {"uv": [5, 0.75, 5.5, 1.25], "texture": "#0"},
				"east": {"uv": [5, 0.75, 5.5, 1.25], "texture": "#0"},
				"south": {"uv": [5, 0.75, 5.5, 1.25], "texture": "#0"},
				"west": {"uv": [5, 0.75, 5.5, 1.25], "texture": "#0"},
				"up": {"uv": [5, 0, 5.5, 0.5], "texture": "#0"},
				"down": {"uv": [5.75, 0, 6.25, 0.5], "texture": "#0"}
			}
		},
		{
			"from": [7.5, 4, 7.5],
			"to": [9.5, 6, 9.5],
			"faces": {
				"north": {"uv": [5, 0.75, 5.5, 1.25], "texture": "#0"},
				"east": {"uv": [5, 0.75, 5.5, 1.25], "texture": "#0"},
				"south": {"uv": [5, 0.75, 5.5, 1.25], "texture": "#0"},
				"west": {"uv": [5, 0.75, 5.5, 1.25], "texture": "#0"},
				"up": {"uv": [5, 0, 5.5, 0.5], "texture": "#0"},
				"down": {"uv": [5.75, 0, 6.25, 0.5], "texture": "#0"}
			}
		},
		{
			"from": [5.5, 10, 5.5],
			"to": [8.5, 13, 8.5],
			"faces": {
				"north": {"uv": [6, 2.5, 6.75, 3.25], "texture": "#0"},
				"east": {"uv": [5, 2.5, 5.75, 3.25], "texture": "#0"},
				"south": {"uv": [8, 2.5, 8.75, 3.25], "texture": "#0"},
				"west": {"uv": [7, 2.5, 7.75, 3.25], "texture": "#0"},
				"up": {"uv": [5, 1.5, 5.75, 2.25], "texture": "#0"},
				"down": {"uv": [6, 1.5, 6.75, 2.25], "texture": "#0"}
			}
		}
	],
	"display": {
		"thirdperson_righthand": {
			"translation": [-0.5, 14, 1.5]
		},
		"thirdperson_lefthand": {
			"translation": [-0.5, 14, 1.5]
		},
		"firstperson_righthand": {
			"translation": [0, 6, 0],
			"scale": [0.65, 0.65, 0.65]
		},
		"firstperson_lefthand": {
			"translation": [0, 6, 0],
			"scale": [0.65, 0.65, 0.65]
		},
		"ground": {
			"rotation": [30, 30, 30],
			"translation": [0, 12, 0],
			"scale": [0.65, 0.65, 0.65]
		},
		"gui": {
			"rotation": [135, 30, -150],
			"translation": [0, 2, 0],
			"scale": [0.65, 0.65, 0.65]
		}
	}
}