{
  "format_version": "1.21.11",
  "credit": "Made with Blockbench",
  "texture_size": [64, 64],
  "parent": "minecraft:item/handheld",
  "textures": {
    "0": "item/gui/wand_tex",
    "particle": "item/gui/wand_tex"
  },
	"elements": [
		{
			"from": [7, -9, 6],
			"to": [9, -3, 8],
			"faces": {
				"north": {"uv": [0.75, 3.25, 1.25, 4.75], "texture": "#0"},
				"east": {"uv": [0, 3.25, 0.5, 4.75], "texture": "#0"},
				"south": {"uv": [2.25, 3.25, 2.75, 4.75], "texture": "#0"},
				"west": {"uv": [1.5, 3.25, 2, 4.75], "texture": "#0"},
				"up": {"uv": [0, 2.5, 0.5, 3], "texture": "#0"},
				"down": {"uv": [0.75, 2.5, 1.25, 3], "texture": "#0"}
			}
		},
		{
			"from": [7, 5, 6],
			"to": [9, 11, 8],
			"faces": {
				"north": {"uv": [0.75, 5.75, 1.25, 7.25], "texture": "#0"},
				"east": {"uv": [0, 5.75, 0.5, 7.25], "texture": "#0"},
				"south": {"uv": [2.25, 5.75, 2.75, 7.25], "texture": "#0"},
				"west": {"uv": [1.5, 5.75, 2, 7.25], "texture": "#0"},
				"up": {"uv": [0, 5, 0.5, 5.5], "texture": "#0"},
				"down": {"uv": [0.75, 5, 1.25, 5.5], "texture": "#0"}
			}
		},
		{
			"from": [7, 7, 5],
			"to": [9, 13, 7],
			"faces": {
				"north": {"uv": [0.75, 8.25, 1.25, 9.75], "texture": "#0"},
				"east": {"uv": [0, 8.25, 0.5, 9.75], "texture": "#0"},
				"south": {"uv": [2.25, 8.25, 2.75, 9.75], "texture": "#0"},
				"west": {"uv": [1.5, 8.25, 2, 9.75], "texture": "#0"},
				"up": {"uv": [0, 7.5, 0.5, 8], "texture": "#0"},
				"down": {"uv": [0.75, 7.5, 1.25, 8], "texture": "#0"}
			}
		},
		{
			"from": [7, -13, 7],
			"to": [9, -7, 9],
			"faces": {
				"north": {"uv": [0.75, 0.75, 1.25, 2.25], "texture": "#0"},
				"east": {"uv": [0, 0.75, 0.5, 2.25], "texture": "#0"},
				"south": {"uv": [2.25, 0.75, 2.75, 2.25], "texture": "#0"},
				"west": {"uv": [1.5, 0.75, 2, 2.25], "texture": "#0"},
				"up": {"uv": [0, 0, 0.5, 0.5], "texture": "#0"},
				"down": {"uv": [0.75, 0, 1.25, 0.5], "texture": "#0"}
			}
		},
		{
			"from": [7, -5, 7],
			"to": [9, 7, 9],
			"faces": {
				"north": {"uv": [3.75, 0.75, 4.25, 3.75], "texture": "#0"},
				"east": {"uv": [3, 0.75, 3.5, 3.75], "texture": "#0"},
				"south": {"uv": [5.25, 0.75, 5.75, 3.75], "texture": "#0"},
				"west": {"uv": [4.5, 0.75, 5, 3.75], "texture": "#0"},
				"up": {"uv": [3, 0, 3.5, 0.5], "texture": "#0"},
				"down": {"uv": [3.75, 0, 4.25, 0.5], "texture": "#0"}
			}
		},
		{
			"from": [7, 10, -1],
			"to": [9, 12, 5],
			"faces": {
				"north": {"uv": [1.75, 11.75, 2.25, 12.25], "texture": "#0"},
				"east": {"uv": [0, 11.75, 1.5, 12.25], "texture": "#0"},
				"south": {"uv": [4.25, 11.75, 4.75, 12.25], "texture": "#0"},
				"west": {"uv": [2.5, 11.75, 4, 12.25], "texture": "#0"},
				"up": {"uv": [0, 10, 0.5, 11.5], "texture": "#0"},
				"down": {"uv": [0.75, 10, 1.25, 11.5], "texture": "#0"}
			}
		},
		{
			"from": [7, 9, -4],
			"to": [9, 11, 2],
			"faces": {
				"north": {"uv": [1.75, 14.25, 2.25, 14.75], "texture": "#0"},
				"east": {"uv": [0, 14.25, 1.5, 14.75], "texture": "#0"},
				"south": {"uv": [4.25, 14.25, 4.75, 14.75], "texture": "#0"},
				"west": {"uv": [2.5, 14.25, 4, 14.75], "texture": "#0"},
				"up": {"uv": [0, 12.5, 0.5, 14], "texture": "#0"},
				"down": {"uv": [0.75, 12.5, 1.25, 14], "texture": "#0"}
			}
		},
		{
			"from": [6, 3, -2.5],
			"to": [10, 7, 1.5],
			"rotation": {"angle": -22.5, "axis": "z", "origin": [8, 7, 0]},
			"faces": {
				"north": {"uv": [7.25, 1.25, 8.25, 2.25], "texture": "#0"},
				"east": {"uv": [6, 1.25, 7, 2.25], "texture": "#0"},
				"south": {"uv": [9.75, 1.25, 10.75, 2.25], "texture": "#0"},
				"west": {"uv": [8.5, 1.25, 9.5, 2.25], "texture": "#0"},
				"up": {"uv": [6, 0, 7, 1], "texture": "#0"},
				"down": {"uv": [7.25, 0, 8.25, 1], "texture": "#0"}
			}
		},
		{
			"from": [8, 7, -2],
			"to": [8, 9, 2],
			"faces": {
				"north": {"uv": [16, 16, 16, 15.5], "texture": "#0"},
				"east": {"uv": [6, 2.5, 7, 3], "texture": "#0"},
				"south": {"uv": [16, 16, 16, 15.5], "texture": "#0"},
				"west": {"uv": [7, 2.5, 6, 3], "texture": "#0"},
				"up": {"uv": [16, 16, 16, 16], "texture": "#0"},
				"down": {"uv": [16, 16, 16, 16], "texture": "#0"}
			}
		}
	],
	"display": {
		"thirdperson_righthand": {
			"translation": [0, 12, 2]
		},
		"thirdperson_lefthand": {
			"translation": [0, 12, 2]
		},
		"firstperson_righthand": {
			"translation": [0, 12, 0],
			"scale": [0.85, 0.85, 0.85]
		},
		"firstperson_lefthand": {
			"translation": [0, 12, 0],
			"scale": [0.85, 0.85, 0.85]
		},
		"ground": {
			"rotation": [30, 30, 30],
			"translation": [0, 12, 0],
			"scale": [0.65, 0.65, 0.65]
		},
		"gui": {
			"rotation": [30, 45, -60],
			"translation": [4, 4, 0],
			"scale": [0.85, 0.85, 0.85]
		}
	}
}