{
  "parent": "minecraft:builtin/generated",
  "textures": {
    "layer0": "minecraft:item/shears"
  },
  "display": {
    "firstperson_righthand": {
      "rotation": [
        0.0,
        -90.0,
        25.0
      ],
      "translation": [
        1.13,
        3.2,
        1.13
      ],
      "scale": [
        0.56,
        0.56,
        0.56
      ]
    },
    "firstperson_lefthand": {
      "translation": [
        1.13,
        3.2,
        1.13
      ],
      "scale": [
        0.56,
        0.56,
        0.56
      ],
      "rotation": [
        0.0,
        90.0,
        -25.0
      ]
    },
    "thirdperson_righthand": {
      "rotation": [
        -90.0,
        0.0,
        20.0
      ],
      "translation": [
        0.0,
        3.75,
        0.0
      ],
      "scale": [
        0.55,
        0.55,
        0.55
      ]
    },
    "thirdperson_lefthand": {
      "translation": [
        0.0,
        3.75,
        0.0
      ],
      "scale": [
        0.55,
        0.55,
        0.55
      ],
      "rotation": [
        -90.0,
        0.0,
        -20.0
      ]
    },
    "ground": {
      "rotation": [
        0,
        0,
        0
      ],
      "translation": [
        0,
        2,
        0
      ],
      "scale": [
        0.5,
        0.5,
        0.5
      ]
    },
    "head": {
      "rotation": [
        0,
        180,
        0
      ],
      "translation": [
        0,
        13,
        7
      ],
      "scale": [
        1,
        1,
        1
      ]
    }
  }
}
